Query_ID	Target_ID	Optimal_offset	p-value	E-value	q-value	Overlap	Query_consensus	Target_consensus	Orientation
VRKLLARGAKRTDREEEGKEPYEVAKKNNHGEVA	PS00050	-6	0.00080571	0.787984	0.4059	16	VLLLLARGAADTLSELAGKEPIEVADKDNNGAVA	RRAVVRLAAAAAAAAL	+
VRKLLARGAKRTDREEEGKEPYEVAKKNNHGEVA	PS01332	-3	0.000835551	0.817169	0.4059	19	VLLLLARGAADTLSELAGKEPIEVADKDNNGAVA	LAAASLAAAAAGAAGGVAL	+
VRKLLARGAKRTDREEEGKEPYEVAKKNNHGEVA	PS00249	-20	0.00178498	1.74571	0.513294	13	VLLLLARGAADTLSELAGKEPIEVADKDNNGAVA	PSCVAAARCAGCC	+
VRKLLARGAKRTDREEEGKEPYEVAKKNNHGEVA	PS01320	1	0.00233985	2.28837	0.513294	17	VLLLLARGAADTLSELAGKEPIEVADKDNNGAVA	DVAAAAAHIACDAAAASE	+
VRKLLARGAKRTDREEEGKEPYEVAKKNNHGEVA	PS01160	-7	0.00264156	2.58345	0.513294	27	VLLLLARGAADTLSELAGKEPIEVADKDNNGAVA	EALAAAEAAAGASAPAVAAAANALAAAAAAAAAARARFAAAAAAAK	+
VRKLLARGAKRTDREEEGKEPYEVAKKNNHGEVA	PS00997	-2	0.00434102	4.24551	0.517711	23	VLLLLARGAADTLSELAGKEPIEVADKDNNGAVA	LCCARCAAAAEANAAAACACRVP	+
VRKLLARGAKRTDREEEGKEPYEVAKKNNHGEVA	PS00232	-21	0.00439818	4.30142	0.517711	11	VLLLLARGAADTLSELAGKEPIEVADKDNNGAVA	LALADANDNAP	+
VRKLLARGAKRTDREEEGKEPYEVAKKNNHGEVA	PS00164	-22	0.00480281	4.69714	0.517711	12	VLLLLARGAADTLSELAGKEPIEVADKDNNGAVA	LLLKADQVASLLAA	+
VRKLLARGAKRTDREEEGKEPYEVAKKNNHGEVA	PS01181	-14	0.00482448	4.71834	0.517711	13	VLLLLARGAADTLSELAGKEPIEVADKDNNGAVA	EAALRALKRAAAR	+
VRKLLARGAKRTDREEEGKEPYEVAKKNNHGEVA	PS00813	4	0.00532858	5.21135	0.517711	20	VLLLLARGAADTLSELAGKEPIEVADKDNNGAVA	ELAAFLAALAPAWEAAAAAAGGRW	+
VRKLLARGAKRTDREEEGKEPYEVAKKNNHGEVA	PS00254	0	0.00600429	5.8722	0.530328	26	VLLLLARGAADTLSELAGKEPIEVADKDNNGAVA	CAAAAAAAAACAAAAAAGLAAFAAAL	+
VRKLLARGAKRTDREEEGKEPYEVAKKNNHGEVA	PS00986	-16	0.00681246	6.66258	0.551567	18	VLLLLARGAADTLSELAGKEPIEVADKDNNGAVA	CAKEALELAEAAASAAAAAKAC	+
VRKLLARGAKRTDREEEGKEPYEVAKKNNHGEVA	PS00186	-3	0.00853429	8.34654	0.63095	14	VLLLLARGAADTLSELAGKEPIEVADKDNNGAVA	LLACGAAAAAATAD	+
VRKLLARGAKRTDREEEGKEPYEVAKKNNHGEVA	PS00494	1	0.00938084	9.17447	0.63095	25	VLLLLARGAADTLSELAGKEPIEVADKDNNGAVA	ALPLALAWAAAAAARAAAAAAYAAAA	+
VRKLLARGAKRTDREEEGKEPYEVAKKNNHGEVA	PS00017	-12	0.0100172	9.79681	0.63095	8	VLLLLARGAADTLSELAGKEPIEVADKDNNGAVA	AAAAAGKS	+
RLDGARNVNEEDDEGRTPLHLACRQGRPKCVEILLENGAAVDALDKSKLF	PS00572	-31	0.000313822	0.306918	0.296462	9	ALDGARNVDEEDDEGRRPLHLACGQGEPGCVEILLENGAAVDALDGSKLT	LLLLENGAA	+
RLDGARNVNEEDDEGRTPLHLACRQGRPKCVEILLENGAAVDALDKSKLF	PS00420	-8	0.00224348	2.19412	0.423243	37	ALDGARNVDEEDDEGRRPLHLACGQGEPGCVEILLENGAAVDALDGSKLT	GAAAAAAAAEAAAAAASLAACAAAFAAAAAAAAAAAG	+
RLDGARNVNEEDDEGRTPLHLACRQGRPKCVEILLENGAAVDALDKSKLF	PS00709	-8	0.00233052	2.27925	0.423243	27	ALDGARNVDEEDDEGRRPLHLACGQGEPGCVEILLENGAAVDALDGSKLT	AAAAAAGARAALRAARASAAKALALAL	+
RLDGARNVNEEDDEGRTPLHLACRQGRPKCVEILLENGAAVDALDKSKLF	PS00186	-33	0.00290729	2.84333	0.423243	14	ALDGARNVDEEDDEGRRPLHLACGQGEPGCVEILLENGAAVDALDGSKLT	LLACGAAAAAATAD	+
RLDGARNVNEEDDEGRTPLHLACRQGRPKCVEILLENGAAVDALDKSKLF	PS00663	-7	0.00315972	3.09021	0.423243	21	ALDGARNVDEEDDEGRRPLHLACGQGEPGCVEILLENGAAVDALDGSKLT	RALAAAAAALAAAAAARQQEL	+
RLDGARNVNEEDDEGRTPLHLACRQGRPKCVEILLENGAAVDALDKSKLF	PS00437	-5	0.00336989	3.29575	0.423243	9	ALDGARNVDEEDDEGRRPLHLACGQGEPGCVEILLENGAAVDALDGSKLT	RAFAYADAE	+
RLDGARNVNEEDDEGRTPLHLACRQGRPKCVEILLENGAAVDALDKSKLF	PS00764	-22	0.00383919	3.75473	0.423243	17	ALDGARNVDEEDDEGRRPLHLACGQGEPGCVEILLENGAAVDALDGSKLT	CAAASPACAACAAAAAC	+
RLDGARNVNEEDDEGRTPLHLACRQGRPKCVEILLENGAAVDALDKSKLF	PS00952	-34	0.00402948	3.94083	0.423243	10	ALDGARNVDEEDDEGRRPLHLACGQGEPGCVEILLENGAAVDALDGSKLT	LEAVAILPQL	+
RLDGARNVNEEDDEGRTPLHLACRQGRPKCVEILLENGAAVDALDKSKLF	PS00244	-12	0.00470267	4.59921	0.423243	27	ALDGARNVDEEDDEGRRPLHLACGQGEPGCVEILLENGAAVDALDGSKLT	NAAAAPAHAAAAAAAAAAAAAAAAHAA	+
RLDGARNVNEEDDEGRTPLHLACRQGRPKCVEILLENGAAVDALDKSKLF	PS00223	-7	0.00517068	5.05692	0.423243	43	ALDGARNVDEEDDEGRRPLHLACGQGEPGCVEILLENGAAVDALDGSKLT	GSAAAAAAAALAARAAAEAAAAAAAIAAAAAAAAAALAAAAAAAAAAAAAAL	+
RLDGARNVNEEDDEGRTPLHLACRQGRPKCVEILLENGAAVDALDKSKLF	PS00651	-14	0.00558369	5.46085	0.423243	27	ALDGARNVDEEDDEGRRPLHLACGQGEPGCVEILLENGAAVDALDGSKLT	GAAGAAAAAAAGFAANLLAAAAAAAAA	+
RLDGARNVNEEDDEGRTPLHLACRQGRPKCVEILLENGAAVDALDKSKLF	PS00052	-10	0.00608079	5.94701	0.423243	27	ALDGARNVDEEDDEGRRPLHLACGQGEPGCVEILLENGAAVDALDGSKLT	SALAAAAAAAAAAAGKRAAAAALLAAA	+
RLDGARNVNEEDDEGRTPLHLACRQGRPKCVEILLENGAAVDALDKSKLF	PS00249	-27	0.00627239	6.13439	0.423243	13	ALDGARNVDEEDDEGRRPLHLACGQGEPGCVEILLENGAAVDALDGSKLT	PSCVAAARCAGCC	+
RLDGARNVNEEDDEGRTPLHLACRQGRPKCVEILLENGAAVDALDKSKLF	PS01166	-37	0.00627239	6.13439	0.423243	13	ALDGARNVDEEDDEGRRPLHLACGQGEPGCVEILLENGAAVDALDGSKLT	GAKAASAAANKLE	+
RLDGARNVNEEDDEGRTPLHLACRQGRPKCVEILLENGAAVDALDKSKLF	PS01270	-29	0.00721578	7.05703	0.436693	21	ALDGARNVDEEDDEGRRPLHLACGQGEPGCVEILLENGAAVDALDGSKLT	RAALAAAAAAALDAATAAWGLRLAALELR	+
RLDGARNVNEEDDEGRTPLHLACRQGRPKCVEILLENGAAVDALDKSKLF	PS00630	-10	0.00739624	7.23352	0.436693	15	ALDGARNVDEEDDEGRRPLHLACGQGEPGCVEILLENGAAVDALDGSKLT	VDAAAAAALAAAAGA	+
RLDGARNVNEEDDEGRTPLHLACRQGRPKCVEILLENGAAVDALDKSKLF	PS00209	2	0.00791507	7.74094	0.439836	18	ALDGARNVDEEDDEGRRPLHLACGQGEPGCVEILLENGAAVDALDGSKLT	YFAEDLAANAAAAAAHAAAP	+
RLDGARNVNEEDDEGRTPLHLACRQGRPKCVEILLENGAAVDALDKSKLF	PS01316	4	0.00858915	8.40018	0.450778	18	ALDGARNVDEEDDEGRRPLHLACGQGEPGCVEILLENGAAVDALDGSKLT	EAAAAADAAAAVAELAASGATL	+
RLDGARNVNEEDDEGRTPLHLACRQGRPKCVEILLENGAAVDALDKSKLF	PS00806	-32	0.00942993	9.22247	0.451144	12	ALDGARNVDEEDDEGRRPLHLACGQGEPGCVEILLENGAAVDALDGSKLT	LEAELGAAGAAE	+
TELCCICFDQACTIEVQDCGHQMCAPCTLALCCHNKPNPAT	PS00518	-18	7.93404e-06	0.00775949	0.0076655	10	TELCCICFDQACTIEVQDCGHQMCAPCTLALCCHNKPNPAT	CAHALCAACA	+
TELCCICFDQACTIEVQDCGHQMCAPCTLALCCHNKPNPAT	PS00492	-23	0.000432229	0.42272	0.113526	9	TELCCICFDQACTIEVQDCGHQMCAPCTLALCCHNKPNPAT	CKPCLKATC	+
TELCCICFDQACTIEVQDCGHQMCAPCTLALCCHNKPNPAT	PS00161	-16	0.000470012	0.459672	0.113526	6	TELCCICFDQACTIEVQDCGHQMCAPCTLALCCHNKPNPAT	KRCGHL	+
TELCCICFDQACTIEVQDCGHQMCAPCTLALCCHNKPNPAT	PS00984	-6	0.000470012	0.459672	0.113526	6	TELCCICFDQACTIEVQDCGHQMCAPCTLALCCHNKPNPAT	CFWKYC	+
TELCCICFDQACTIEVQDCGHQMCAPCTLALCCHNKPNPAT	PS60016	-4	0.00136435	1.33433	0.245153	8	TELCCICFDQACTIEVQDCGHQMCAPCTLALCCHNKPNPAT	CTPSGQPC	+
TELCCICFDQACTIEVQDCGHQMCAPCTLALCCHNKPNPAT	PS00998	-18	0.00152245	1.48895	0.245153	10	TELCCICFDQACTIEVQDCGHQMCAPCTLALCCHNKPNPAT	CAHCGCRGCA	+
TELCCICFDQACTIEVQDCGHQMCAPCTLALCCHNKPNPAT	PS00197	-18	0.00185639	1.81555	0.256223	9	TELCCICFDQACTIEVQDCGHQMCAPCTLALCCHNKPNPAT	CAAAACAAC	+
TELCCICFDQACTIEVQDCGHQMCAPCTLALCCHNKPNPAT	PS01070	-17	0.00263331	2.57538	0.318023	9	TELCCICFDQACTIEVQDCGHQMCAPCTLALCCHNKPNPAT	DRGHLAAAA	+
TELCCICFDQACTIEVQDCGHQMCAPCTLALCCHNKPNPAT	PS60017	-31	0.00585432	5.72553	0.487878	8	TELCCICFDQACTIEVQDCGHQMCAPCTLALCCHNKPNPAT	CCELTPAC	+
TELCCICFDQACTIEVQDCGHQMCAPCTLALCCHNKPNPAT	PS00764	-16	0.00636359	6.2236	0.487878	17	TELCCICFDQACTIEVQDCGHQMCAPCTLALCCHNKPNPAT	CAAASPACAACAAAAAC	+
TELCCICFDQACTIEVQDCGHQMCAPCTLALCCHNKPNPAT	PS01302	-33	0.00640549	6.26457	0.487878	6	TELCCICFDQACTIEVQDCGHQMCAPCTLALCCHNKPNPAT	HNHPSG	+
TELCCICFDQACTIEVQDCGHQMCAPCTLALCCHNKPNPAT	PS00925	-18	0.00642299	6.28169	0.487878	10	TELCCICFDQACTIEVQDCGHQMCAPCTLALCCHNKPNPAT	EGAVYCDPCR	+
TELCCICFDQACTIEVQDCGHQMCAPCTLALCCHNKPNPAT	PS00865	-24	0.0065646	6.42018	0.487878	9	TELCCICFDQACTIEVQDCGHQMCAPCTLALCCHNKPNPAT	PLCTLAATP	+
TELCCICFDQACTIEVQDCGHQMCAPCTLALCCHNKPNPAT	PS00711	-15	0.0072547	7.0951	0.500654	15	TELCCICFDQACTIEVQDCGHQMCAPCTLALCCHNKPNPAT	QEAAAHAASAHAAAE	+
DPQAYMETMTQVMQNPQFMSMAERLGNTLMQDPAMSSMLENLTSPAHKEQ	PS00033	-19	3.10152e-05	0.0303329	0.0301153	8	DPQAYMETMTQVMQNPQFMSMAERLGNTLMQDPAMSSMLENLTSPAHKEQ	LMAEGLYN	+
DPQAYMETMTQVMQNPQFMSMAERLGNTLMQDPAMSSMLENLTSPAHKEQ	PS00093	-41	0.00132201	1.29292	0.562575	6	DPQAYMETMTQVMQNPQFMSMAERLGNTLMQDPAMSSMLENLTSPAHKEQ	LTSPPF	+
DPQAYMETMTQVMQNPQFMSMAERLGNTLMQDPAMSSMLENLTSPAHKEQ	PS00796	-39	0.00204873	2.00365	0.562575	11	DPQAYMETMTQVMQNPQFMSMAERLGNTLMQDPAMSSMLENLTSPAHKEQ	ANLLSGAYKNA	+
DPQAYMETMTQVMQNPQFMSMAERLGNTLMQDPAMSSMLENLTSPAHKEQ	PS00275	-17	0.002927	2.86261	0.562575	18	DPQAYMETMTQVMQNPQFMSMAERLGNTLMQDPAMSSMLENLTSPAHKEQ	AAAAAEAARFSALSASAL	+
DPQAYMETMTQVMQNPQFMSMAERLGNTLMQDPAMSSMLENLTSPAHKEQ	PS00423	-19	0.00298808	2.92234	0.562575	22	DPQAYMETMTQVMQNPQFMSMAERLGNTLMQDPAMSSMLENLTSPAHKEQ	CLLELLSDALAKASAAALAAEC	+
DPQAYMETMTQVMQNPQFMSMAERLGNTLMQDPAMSSMLENLTSPAHKEQ	PS00724	-32	0.00378182	3.69862	0.562575	7	DPQAYMETMTQVMQNPQFMSMAERLGNTLMQDPAMSSMLENLTSPAHKEQ	PWYSSRL	+
DPQAYMETMTQVMQNPQFMSMAERLGNTLMQDPAMSSMLENLTSPAHKEQ	PS00671	-32	0.00450314	4.40407	0.562575	17	DPQAYMETMTQVMQNPQFMSMAERLGNTLMQDPAMSSMLENLTSPAHKEQ	AAASALLLNAARGALLE	+
DPQAYMETMTQVMQNPQFMSMAERLGNTLMQDPAMSSMLENLTSPAHKEQ	PS00210	-27	0.00463509	4.53312	0.562575	9	DPQAYMETMTQVMQNPQFMSMAERLGNTLMQDPAMSSMLENLTSPAHKEQ	TAARDPAFF	+
DPQAYMETMTQVMQNPQFMSMAERLGNTLMQDPAMSSMLENLTSPAHKEQ	PS01182	-30	0.00622132	6.08445	0.6712	13	DPQAYMETMTQVMQNPQFMSMAERLGNTLMQDPAMSSMLENLTSPAHKEQ	GGPLLAAQAENEF	+
RFVFTNLSEKLTDPEIDEMIRZIASDPDGQQNAEZFVKSMQ	PS00963	0	0.000999765	0.97777	0.656704	24	RFDFSNLSSLLTDESVDEMIREAASDGDGQINAEEFVKSMQ	PAALLLADAAALAAALAEAAAALA	+
RFVFTNLSEKLTDPEIDEMIRZIASDPDGQQNAEZFVKSMQ	PS00871	0	0.0024714	2.41703	0.656704	19	RFDFSNLSSLLTDESVDEMIREAASDGDGQINAEEFVKSMQ	GLDASELAEAAAAASLAGA	+
RFVFTNLSEKLTDPEIDEMIRZIASDPDGQQNAEZFVKSMQ	PS00961	-17	0.00319944	3.12906	0.656704	9	RFDFSNLSSLLTDESVDEMIREAASDGDGQINAEEFVKSMQ	ESAREARAL	+
RFVFTNLSEKLTDPEIDEMIRZIASDPDGQQNAEZFVKSMQ	PS01041	-13	0.00380424	3.72055	0.656704	10	RFDFSNLSSLLTDESVDEMIREAASDGDGQINAEEFVKSMQ	AERREHEREV	+
RFVFTNLSEKLTDPEIDEMIRZIASDPDGQQNAEZFVKSMQ	PS00794	-16	0.00464792	4.54566	0.656704	12	RFDFSNLSSLLTDESVDEMIREAASDGDGQINAEEFVKSMQ	DAAARAADLDLL	+
RFVFTNLSEKLTDPEIDEMIRZIASDPDGQQNAEZFVKSMQ	PS01024	-6	0.00469514	4.59185	0.656704	15	RFDFSNLSSLLTDESVDEMIREAASDGDGQINAEEFVKSMQ	EFDYLKSLEIEEKIN	+
RFVFTNLSEKLTDPEIDEMIRZIASDPDGQQNAEZFVKSMQ	PS00184	-9	0.00477898	4.67385	0.656704	8	RFDFSNLSSLLTDESVDEMIREAASDGDGQINAEEFVKSMQ	RLGDPEAE	+
RFVFTNLSEKLTDPEIDEMIRZIASDPDGQQNAEZFVKSMQ	PS00323	3	0.00550799	5.38682	0.662271	22	RFDFSNLSSLLTDESVDEMIREAASDGDGQINAEEFVKSMQ	SGSAAAAAALAAAALSAALAEFAAS	+
RFVFTNLSEKLTDPEIDEMIRZIASDPDGQQNAEZFVKSMQ	PS01267	-12	0.00626	6.12228	0.669058	20	RFDFSNLSSLLTDESVDEMIREAASDGDGQINAEEFVKSMQ	EAALEELLAAAAVFAAAAKG	+
RFVFTNLSEKLTDPEIDEMIRZIASDPDGQQNAEZFVKSMQ	PS00398	-7	0.00859736	8.40822	0.748771	13	RFDFSNLSSLLTDESVDEMIREAASDGDGQINAEEFVKSMQ	GEAALAAALDRLA	+
PSLKPILDEIERGGPSAMVKYWNDPEJJQKIGQAMSLNFPVDAATSTVLS	PS00046	-34	0.000423127	0.413819	0.286693	7	PSLKPILDEIERGGPSAMVKYWNDPEILQKIGRAMSLNFPVDAATSTVLS	AGLAFPV	+
PSLKPILDEIERGGPSAMVKYWNDPEJJQKIGQAMSLNFPVDAATSTVLS	PS00670	-27	0.000596891	0.583759	0.286693	23	PSLKPILDEIERGGPSAMVKYWNDPEILQKIGRAMSLNFPVDAATSTVLS	ALAAADALALIAPAAAASAALAS	+
PSLKPILDEIERGGPSAMVKYWNDPEJJQKIGQAMSLNFPVDAATSTVLS	PS00651	-22	0.00159295	1.5579	0.341486	27	PSLKPILDEIERGGPSAMVKYWNDPEILQKIGRAMSLNFPVDAATSTVLS	GAAGAAAAAAAGFAANLLAAAAAAAAA	+
PSLKPILDEIERGGPSAMVKYWNDPEJJQKIGQAMSLNFPVDAATSTVLS	PS00102	-10	0.00186307	1.82209	0.341486	13	PSLKPILDEIERGGPSAMVKYWNDPEILQKIGRAMSLNFPVDAATSTVLS	EASGASAMKAALN	+
PSLKPILDEIERGGPSAMVKYWNDPEJJQKIGQAMSLNFPVDAATSTVLS	PS00083	-5	0.0020298	1.98515	0.341486	34	PSLKPILDEIERGGPSAMVKYWNDPEILQKIGRAMSLNFPVDAATSTVLS	LAGALAAAASAAAAAAALELALALALALALAGAF	+
PSLKPILDEIERGGPSAMVKYWNDPEJJQKIGQAMSLNFPVDAATSTVLS	PS01259	-23	0.00233464	2.28328	0.341486	15	PSLKPILDEIERGGPSAMVKYWNDPEILQKIGRAMSLNFPVDAATSTVLS	AAAALAAAGDSLSLS	+
PSLKPILDEIERGGPSAMVKYWNDPEJJQKIGQAMSLNFPVDAATSTVLS	PS01006	-33	0.00248839	2.43365	0.341486	11	PSLKPILDEIERGGPSAMVKYWNDPEILQKIGRAMSLNFPVDAATSTVLS	AAAANLLVCLA	+
PSLKPILDEIERGGPSAMVKYWNDPEJJQKIGQAMSLNFPVDAATSTVLS	PS00722	-28	0.00293737	2.87275	0.352712	12	PSLKPILDEIERGGPSAMVKYWNDPEILQKIGRAMSLNFPVDAATSTVLS	VASARALEANAL	+
PSLKPILDEIERGGPSAMVKYWNDPEJJQKIGQAMSLNFPVDAATSTVLS	PS00959	-13	0.00581578	5.68784	0.554857	9	PSLKPILDEIERGGPSAMVKYWNDPEILQKIGRAMSLNFPVDAATSTVLS	PFAALAREV	+
PSLKPILDEIERGGPSAMVKYWNDPEJJQKIGQAMSLNFPVDAATSTVLS	PS00492	2	0.00661974	6.47411	0.554857	7	PSLKPILDEIERGGPSAMVKYWNDPEILQKIGRAMSLNFPVDAATSTVLS	CKPCLKATC	+
PSLKPILDEIERGGPSAMVKYWNDPEJJQKIGQAMSLNFPVDAATSTVLS	PS00725	-13	0.00716376	7.00616	0.554857	14	PSLKPILDEIERGGPSAMVKYWNDPEILQKIGRAMSLNFPVDAATSTVLS	GAAAAHAHPAAAEL	+
PSLKPILDEIERGGPSAMVKYWNDPEJJQKIGQAMSLNFPVDAATSTVLS	PS01309	-22	0.00730276	7.1421	0.554857	16	PSLKPILDEIERGGPSAMVKYWNDPEILQKIGRAMSLNFPVDAATSTVLS	LAALLLPPAAVAAAAG	+
PSLKPILDEIERGGPSAMVKYWNDPEJJQKIGQAMSLNFPVDAATSTVLS	PS00679	-13	0.00836776	8.18367	0.554857	11	PSLKPILDEIERGGPSAMVKYWNDPEILQKIGRAMSLNFPVDAATSTVLS	GAAGELRYPSY	+
PSLKPILDEIERGGPSAMVKYWNDPEJJQKIGQAMSLNFPVDAATSTVLS	PS00410	-36	0.00916895	8.96723	0.554857	10	PSLKPILDEIERGGPSAMVKYWNDPEILQKIGRAMSLNFPVDAATSTVLS	LPRDADLATR	+
PSLKPILDEIERGGPSAMVKYWNDPEJJQKIGQAMSLNFPVDAATSTVLS	PS00746	-10	0.00922924	9.0262	0.554857	13	PSLKPILDEIERGGPSAMVKYWNDPEILQKIGRAMSLNFPVDAATSTVLS	EAGGPAAAAGCAG	+
PSLKPILDEIERGGPSAMVKYWNDPEJJQKIGQAMSLNFPVDAATSTVLS	PS00224	-5	0.00983184	9.61554	0.554857	7	PSLKPILDEIERGGPSAMVKYWNDPEILQKIGRAMSLNFPVDAATSTVLS	FLAQEES	+
ALLNPSSAEPMVWPSPLKFISELDPEAKALLEAALIEANREREKKILKDA	PS00400	-13	0.00114021	1.11513	0.445063	37	ALLNPSSAEPMVWPSPLKFISELDPEAKALLEAALIEANREREKKILKDA	AALAARVSAAALAAAAAAAAAALEAEAEAEAEAEAEAEAP	+
ALLNPSSAEPMVWPSPLKFISELDPEAKALLEAALIEANREREKKILKDA	PS00948	-36	0.0031102	3.04177	0.445063	14	ALLNPSSAEPMVWPSPLKFISELDPEAKALLEAALIEANREREKKILKDA	ALARELEKKFAARE	+
ALLNPSSAEPMVWPSPLKFISELDPEAKALLEAALIEANREREKKILKDA	PS00420	1	0.00321913	3.14831	0.445063	36	ALLNPSSAEPMVWPSPLKFISELDPEAKALLEAALIEANREREKKILKDA	GAAAAAAAAEAAAAAASLAACAAAFAAAAAAAAAAAG	+
ALLNPSSAEPMVWPSPLKFISELDPEAKALLEAALIEANREREKKILKDA	PS00052	-12	0.00340312	3.32826	0.445063	27	ALLNPSSAEPMVWPSPLKFISELDPEAKALLEAALIEANREREKKILKDA	SALAAAAAAAAAAAGKRAAAAALLAAA	+
ALLNPSSAEPMVWPSPLKFISELDPEAKALLEAALIEANREREKKILKDA	PS00878	-24	0.00394356	3.8568	0.445063	18	ALLNPSSAEPMVWPSPLKFISELDPEAKALLEAALIEANREREKKILKDA	FAAKALAAAALAAAAAAA	+
ALLNPSSAEPMVWPSPLKFISELDPEAKALLEAALIEANREREKKILKDA	PS00306	-28	0.00397847	3.89095	0.445063	8	ALLNPSSAEPMVWPSPLKFISELDPEAKALLEAALIEANREREKKILKDA	CLLAAALA	+
ALLNPSSAEPMVWPSPLKFISELDPEAKALLEAALIEANREREKKILKDA	PS00385	-27	0.00405883	3.96953	0.445063	12	ALLNPSSAEPMVWPSPLKFISELDPEAKALLEAALIEANREREKKILKDA	PAALAAAKWEAC	+
ALLNPSSAEPMVWPSPLKFISELDPEAKALLEAALIEANREREKKILKDA	PS00494	-13	0.00497887	4.86934	0.445063	26	ALLNPSSAEPMVWPSPLKFISELDPEAKALLEAALIEANREREKKILKDA	ALPLALAWAAAAAARAAAAAAYAAAA	+
ALLNPSSAEPMVWPSPLKFISELDPEAKALLEAALIEANREREKKILKDA	PS00101	-18	0.00521502	5.10029	0.445063	28	ALLNPSSAEPMVWPSPLKFISELDPEAKALLEAALIEANREREKKILKDA	LAAAAALAAAAALAAAALAAAAALAAAL	+
ALLNPSSAEPMVWPSPLKFISELDPEAKALLEAALIEANREREKKILKDA	PS00830	-20	0.00549569	5.37478	0.445063	17	ALLNPSSAEPMVWPSPLKFISELDPEAKALLEAALIEANREREKKILKDA	SAASPLAAALLAAAADE	+
ALLNPSSAEPMVWPSPLKFISELDPEAKALLEAALIEANREREKKILKDA	PS01350	-20	0.0055563	5.43406	0.445063	16	ALLNPSSAEPMVWPSPLKFISELDPEAKALLEAALIEANREREKKILKDA	SDADAAAHAAADAAAA	+
ALLNPSSAEPMVWPSPLKFISELDPEAKALLEAALIEANREREKKILKDA	PS00266	-7	0.0058931	5.76345	0.445063	33	ALLNPSSAEPMVWPSPLKFISELDPEAKALLEAALIEANREREKKILKDA	CASAALAAPAAAAAAAAAAAAALAAAAAAAAAW	+
ALLNPSSAEPMVWPSPLKFISELDPEAKALLEAALIEANREREKKILKDA	PS00351	4	0.00647692	6.33443	0.445063	46	ALLNPSSAEPMVWPSPLKFISELDPEAKALLEAALIEANREREKKILKDA	YAPAAIAALLARAAAPRAAALLFASGRAAAAGARAAAAAAAAAAAAAAAL	+
ALLNPSSAEPMVWPSPLKFISELDPEAKALLEAALIEANREREKKILKDA	PS00776	-28	0.00665545	6.50903	0.445063	11	ALLNPSSAEPMVWPSPLKFISELDPEAKALLEAALIEANREREKKILKDA	ALAEFYLLEAN	+
ALLNPSSAEPMVWPSPLKFISELDPEAKALLEAALIEANREREKKILKDA	PS00498	-23	0.00738784	7.22531	0.445063	12	ALLNPSSAEPMVWPSPLKFISELDPEAKALLEAALIEANREREKKILKDA	DPAFLAAHAAAD	+
ALLNPSSAEPMVWPSPLKFISELDPEAKALLEAALIEANREREKKILKDA	PS01289	-23	0.00748947	7.32471	0.445063	17	ALLNPSSAEPMVWPSPLKFISELDPEAKALLEAALIEANREREKKILKDA	MDLVKAHLAAAVREEVE	+
ALLNPSSAEPMVWPSPLKFISELDPEAKALLEAALIEANREREKKILKDA	PS01176	-20	0.00811954	7.94091	0.454122	23	ALLNPSSAEPMVWPSPLKFISELDPEAKALLEAALIEANREREKKILKDA	LALAALRSAKAAAAALAAAAEGG	+
ALLNPSSAEPMVWPSPLKFISELDPEAKALLEAALIEANREREKKILKDA	PS01292	-12	0.0093066	9.10186	0.471749	29	ALLNPSSAEPMVWPSPLKFISELDPEAKALLEAALIEANREREKKILKDA	HASGHAAAAEAAALAAAAAPAAALPAHGE	+
ALLNPSSAEPMVWPSPLKFISELDPEAKALLEAALIEANREREKKILKDA	PS00919	-23	0.00977241	9.55742	0.471749	21	ALLNPSSAEPMVWPSPLKFISELDPEAKALLEAALIEANREREKKILKDA	LLALHAAPAAAAAELDALAEV	+
ASPLLAHRRSRRSRLVSEASYSFKGLSSAISKIARISSRM	PS00051	2	7.97111e-05	0.0779575	0.0656257	15	ASPLLAHRRSRRSRLVSEASYSFKGLSSAISKIARISSRM	RSAAALAASAAARDWRS	+
ASPLLAHRRSRRSRLVSEASYSFKGLSSAISKIARISSRM	PS00415	-5	0.000136627	0.133621	0.0656257	8	ASPLLAHRRSRRSRLVSEASYSFKGLSSAISKIARISSRM	LRRRLSDS	+
ASPLLAHRRSRRSRLVSEASYSFKGLSSAISKIARISSRM	PS00568	-19	0.00259401	2.53694	0.535011	13	ASPLLAHRRSRRSRLVSEASYSFKGLSSAISKIARISSRM	SRSAKAAAEKKAK	+
ASPLLAHRRSRRSRLVSEASYSFKGLSSAISKIARISSRM	PS00964	-10	0.00276025	2.69952	0.535011	11	ASPLLAHRRSRRSRLVSEASYSFKGLSSAISKIARISSRM	FRIRKKDEGSY	+
ASPLLAHRRSRRSRLVSEASYSFKGLSSAISKIARISSRM	PS01262	6	0.00278462	2.72335	0.535011	17	ASPLLAHRRSRRSRLVSEASYSFKGLSSAISKIARISSRM	AAGASRAAAALADGAARAARLAG	+
ASPLLAHRRSRRSRLVSEASYSFKGLSSAISKIARISSRM	PS01320	0	0.00571343	5.58774	0.711658	18	ASPLLAHRRSRRSRLVSEASYSFKGLSSAISKIARISSRM	DVAAAAAHIACDAAAASE	+
ASPLLAHRRSRRSRLVSEASYSFKGLSSAISKIARISSRM	PS00648	1	0.00584438	5.71581	0.711658	14	ASPLLAHRRSRRSRLVSEASYSFKGLSSAISKIARISSRM	AAAAAARNAAARAAR	+
ASPLLAHRRSRRSRLVSEASYSFKGLSSAISKIARISSRM	PS00224	-3	0.00659147	6.44646	0.711658	7	ASPLLAHRRSRRSRLVSEASYSFKGLSSAISKIARISSRM	FLAQEES	+
ASPLLAHRRSRRSRLVSEASYSFKGLSSAISKIARISSRM	PS01090	-2	0.00666724	6.52056	0.711658	11	ASPLLAHRRSRRSRLVSEASYSFKGLSSAISKIARISSRM	PLALHARAAAE	+
ASPLLAHRRSRRSRLVSEASYSFKGLSSAISKIARISSRM	PS60007	-13	0.00955818	9.3479	0.71571	8	ASPLLAHRRSRRSRLVSEASYSFKGLSSAISKIARISSRM	RAAAEAAY	+
ASPLLAHRRSRRSRLVSEASYSFKGLSSAISKIARISSRM	PS00856	-6	0.00960362	9.39234	0.71571	18	ASPLLAHRRSRRSRLVSEASYSFKGLSSAISKIARISSRM	SSRAARAAEAAAAAYAFL	+
ASPLLAHRRSRRSRLVSEASYSFKGLSSAISKIARISSRM	PS00446	-6	0.00962136	9.40969	0.71571	34	ASPLLAHRRSRRSRLVSEASYSFKGLSSAISKIARISSRM	NALRRAAAAAAAAAAAAAAAAAANAAAAADEALAARLALLV	+
CITTKELGTVMRSLGQNPTEAELQDMINEVDADGNGTIDFP	PS00864	-21	9.67907e-05	0.0946613	0.0914252	20	CITTKELGTVMRSLGQNPTEAELQDMINEVDADGNGTIDFP	ELEDWLEDVLAGALNTEDDD	+
CITTKELGTVMRSLGQNPTEAELQDMINEVDADGNGTIDFP	PS01228	-28	0.000330378	0.32311	0.156032	12	CITTKELGTVMRSLGQNPTEAELQDMINEVDADGNGTIDFP	AAAADLDGTLLA	+
CITTKELGTVMRSLGQNPTEAELQDMINEVDADGNGTIDFP	PS00154	-32	0.00195266	1.9097	0.614805	7	CITTKELGTVMRSLGQNPTEAELQDMINEVDADGNGTIDFP	DKTGTLT	+
CITTKELGTVMRSLGQNPTEAELQDMINEVDADGNGTIDFP	PS00111	-7	0.00363891	3.55885	0.656924	11	CITTKELGTVMRSLGQNPTEAELQDMINEVDADGNGTIDFP	GVLLRADANAP	+
CITTKELGTVMRSLGQNPTEAELQDMINEVDADGNGTIDFP	PS00318	-29	0.00367076	3.59	0.656924	8	CITTKELGTVMRSLGQNPTEAELQDMINEVDADGNGTIDFP	LGALGGAT	+
CITTKELGTVMRSLGQNPTEAELQDMINEVDADGNGTIDFP	PS01190	-17	0.00550819	5.38701	0.656924	11	CITTKELGTVMRSLGQNPTEAELQDMINEVDADGNGTIDFP	PYERRALELLR	+
CITTKELGTVMRSLGQNPTEAELQDMINEVDADGNGTIDFP	PS00625	-25	0.00581044	5.68261	0.656924	12	CITTKELGTVMRSLGQNPTEAELQDMINEVDADGNGTIDFP	GANDAAALGRAT	+
CITTKELGTVMRSLGQNPTEAELQDMINEVDADGNGTIDFP	PS00781	-12	0.00581044	5.68261	0.656924	12	CITTKELGTVMRSLGQNPTEAELQDMINEVDADGNGTIDFP	VATAHPTEAARA	+
CITTKELGTVMRSLGQNPTEAELQDMINEVDADGNGTIDFP	PS01041	-20	0.00626123	6.12349	0.656924	10	CITTKELGTVMRSLGQNPTEAELQDMINEVDADGNGTIDFP	AERREHEREV	+
CITTKELGTVMRSLGQNPTEAELQDMINEVDADGNGTIDFP	PS00659	-21	0.00695477	6.80177	0.656924	10	CITTKELGTVMRSLGQNPTEAELQDMINEVDADGNGTIDFP	LAAELANEVL	+
CITTKELGTVMRSLGQNPTEAELQDMINEVDADGNGTIDFP	PS00547	3	0.00879835	8.60479	0.690109	15	CITTKELGTVMRSLGQNPTEAELQDMINEVDADGNGTIDFP	GQAWVAAAVAATALRALG	+
CITTKELGTVMRSLGQNPTEAELQDMINEVDADGNGTIDFP	PS01083	-3	0.00938306	9.17663	0.690109	15	CITTKELGTVMRSLGQNPTEAELQDMINEVDADGNGTIDFP	FAEEALLRRELAANF	+
CITTKELGTVMRSLGQNPTEAELQDMINEVDADGNGTIDFP	PS00917	-27	0.0101216	9.89896	0.690109	11	CITTKELGTVMRSLGQNPTEAELQDMINEVDADGNGTIDFP	AALAAHGTDTL	+
DIGKDKVNKPFLPIAAGDLTVQDAWLLLVAFKQVGFSIVASNFGPFITSE	PS00029	-11	0.00148549	1.45281	0.686177	22	DIGKDKVNKPFLPIAAGDLTVQDAWLLLVAFKQVGFSIVASNFGPFITSE	LAAAAAALAAAAAALAAAAAAL	+
DIGKDKVNKPFLPIAAGDLTVQDAWLLLVAFKQVGFSIVASNFGPFITSE	PS00302	-1	0.00229536	2.24486	0.686177	8	DIGKDKVNKPFLPIAAGDLTVQDAWLLLVAFKQVGFSIVASNFGPFITSE	PGKHGAAK	+
DIGKDKVNKPFLPIAAGDLTVQDAWLLLVAFKQVGFSIVASNFGPFITSE	PS01076	-26	0.00436293	4.26695	0.686177	18	DIGKDKVNKPFLPIAAGDLTVQDAWLLLVAFKQVGFSIVASNFGPFITSE	AAAAHAGAGASAAAAAAG	+
DIGKDKVNKPFLPIAAGDLTVQDAWLLLVAFKQVGFSIVASNFGPFITSE	PS00515	-5	0.00567987	5.55491	0.686177	11	DIGKDKVNKPFLPIAAGDLTVQDAWLLLVAFKQVGFSIVASNFGPFITSE	AQAKSFAQAKA	+
DIGKDKVNKPFLPIAAGDLTVQDAWLLLVAFKQVGFSIVASNFGPFITSE	PS00204	1	0.00600087	5.86885	0.686177	20	DIGKDKVNKPFLPIAAGDLTVQDAWLLLVAFKQVGFSIVASNFGPFITSE	DAALADILEAAFLAAAAAALE	+
DIGKDKVNKPFLPIAAGDLTVQDAWLLLVAFKQVGFSIVASNFGPFITSE	PS01226	3	0.00711881	6.96219	0.686177	13	DIGKDKVNKPFLPIAAGDLTVQDAWLLLVAFKQVGFSIVASNFGPFITSE	NADVEGVDAANACFAG	+
DIGKDKVNKPFLPIAAGDLTVQDAWLLLVAFKQVGFSIVASNFGPFITSE	PS01296	1	0.00757885	7.41211	0.686177	11	DIGKDKVNKPFLPIAAGDLTVQDAWLLLVAFKQVGFSIVASNFGPFITSE	SDAGAPALSDPG	+
DIGKDKVNKPFLPIAAGDLTVQDAWLLLVAFKQVGFSIVASNFGPFITSE	PS01160	2	0.00879204	8.59862	0.686177	44	DIGKDKVNKPFLPIAAGDLTVQDAWLLLVAFKQVGFSIVASNFGPFITSE	EALAAAEAAAGASAPAVAAAANALAAAAAAAAAARARFAAAAAAAK	+

# Tomtom (Motif Comparison Tool): Version 5.5.9 compiled on Nov 21 2025 at 19:29:08
# The format of this file is described at https://meme-suite.org/meme/doc/tomtom-output-format.html.
# tomtom -no-ssc -oc . -verbosity 1 -min-overlap 5 -dist pearson -evalue -thresh 10.0 memetxt.txt db/PROTEIN/prosite2021_04.meme
